{
	"class_name" : "PinholeCameraParameters",
	"extrinsic" : 
	[
		0.74662840804363617,
		0.08110249766923934,
		-0.66027903584320835,
		0.0,
		-0.21687622248831809,
		-0.90863890672161274,
		-0.35684736416421808,
		0.0,
		-0.62889643378017601,
		0.40963120250240159,
		-0.66082641708319545,
		0.0,
		-0.6172472455870468,
		0.04812582830692072,
		1.4805862606065685,
		1.0
	],
	"intrinsic" : 
	{
		"height" : 1025,
		"intrinsic_matrix" : 
		[
			887.67603887904966,
			0.0,
			0.0,
			0.0,
			887.67603887904966,
			0.0,
			926.0,
			512.0,
			1.0
		],
		"width" : 1853
	},
	"version_major" : 1,
	"version_minor" : 0
}